"area_fips","own_code","industry_code","agglvl_code","size_code","year","qtr","disclosure_code","area_title","own_title","industry_title","agglvl_title","size_title","qtrly_estabs_count","month1_emplvl","month2_emplvl","month3_emplvl","total_qtrly_wages","taxable_qtrly_wages","qtrly_contributions","avg_wkly_wage","lq_disclosure_code","lq_qtrly_estabs_count","lq_month1_emplvl","lq_month2_emplvl","lq_month3_emplvl","lq_total_qtrly_wages","lq_taxable_qtrly_wages","lq_qtrly_contributions","lq_avg_wkly_wage","oty_disclosure_code","oty_qtrly_estabs_count_chg","oty_qtrly_estabs_count_pct_chg","oty_month1_emplvl_chg","oty_month1_emplvl_pct_chg","oty_month2_emplvl_chg","oty_month2_emplvl_pct_chg","oty_month3_emplvl_chg","oty_month3_emplvl_pct_chg","oty_total_qtrly_wages_chg","oty_total_qtrly_wages_pct_chg","oty_taxable_qtrly_wages_chg","oty_taxable_qtrly_wages_pct_chg","oty_qtrly_contributions_chg","oty_qtrly_contributions_pct_chg","oty_avg_wkly_wage_chg","oty_avg_wkly_wage_pct_chg"
"01000","1","927110","58","0","2019","1","","Alabama -- Statewide","Federal Government","NAICS 927110 Space research and technology","State, NAICS 6-digit -- by ownership sector","All establishment sizes",7,2289,2289,2290,72334258,0,0,2430,"",6.17,9.99,9.96,9.91,11.88,0.00,0.00,1.19,"",0,0.0,51,2.3,10,0.4,0,0.0,122414,0.2,0,0.0,0,0.0,-18,-0.7
"01000","1","927110","58","0","2019","2","","Alabama -- Statewide","Federal Government","NAICS 927110 Space research and technology","State, NAICS 6-digit -- by ownership sector","All establishment sizes",7,2287,2279,2303,64211700,0,0,2157,"",6.09,9.96,9.95,9.95,11.43,0.00,0.00,1.15,"",0,0.0,4,0.2,-11,-0.5,4,0.2,1843591,3.0,0,0.0,0,0.0,63,3.0
"01089","1","927110","78","0","2019","1","","Madison County, Alabama","Federal Government","NAICS 927110 Space research and technology","County, NAICS 6-digit -- by ownership sector","All establishment sizes",6,2282,2282,2283,72115464,0,0,2431,"",68.70,96.21,96.24,96.16,90.06,0.00,0.00,0.94,"",0,0.0,51,2.3,10,0.4,0,0.0,121002,0.2,0,0.0,0,0.0,-17,-0.7
"01089","1","927110","78","0","2019","2","","Madison County, Alabama","Federal Government","NAICS 927110 Space research and technology","County, NAICS 6-digit -- by ownership sector","All establishment sizes",6,2280,2272,2296,64017228,0,0,2157,"",67.57,96.47,96.06,96.10,87.30,0.00,0.00,0.91,"",0,0.0,4,0.2,-11,-0.5,4,0.2,1837829,3.0,0,0.0,0,0.0,63,3.0
"01999","1","927110","78","0","2019","1","","Unknown Or Undefined, Alabama","Federal Government","NAICS 927110 Space research and technology","County, NAICS 6-digit -- by ownership sector","All establishment sizes",1,7,7,7,218794,0,0,2404,"",8.08,1.12,1.08,1.08,0.85,0.00,0.00,0.77,"",0,0.0,0,0.0,0,0.0,0,0.0,1412,0.6,0,0.0,0,0.0,15,0.6
"01999","1","927110","78","0","2019","2","","Unknown Or Undefined, Alabama","Federal Government","NAICS 927110 Space research and technology","County, NAICS 6-digit -- by ownership sector","All establishment sizes",1,7,7,7,194472,0,0,2137,"",7.83,1.05,1.08,1.06,0.81,0.00,0.00,0.77,"",0,0.0,0,0.0,0,0.0,0,0.0,5762,3.1,0,0.0,0,0.0,63,3.0
"05000","1","927110","58","0","2019","1","","Arkansas -- Statewide","Federal Government","NAICS 927110 Space research and technology","State, NAICS 6-digit -- by ownership sector","All establishment sizes",1,1,1,1,30436,0,0,2341,"",1.24,0.01,0.01,0.01,0.01,0.00,0.00,1.21,"",0,0.0,0,0.0,0,0.0,0,0.0,144,0.5,0,0.0,0,0.0,11,0.5
"05000","1","927110","58","0","2019","2","","Arkansas -- Statewide","Federal Government","NAICS 927110 Space research and technology","State, NAICS 6-digit -- by ownership sector","All establishment sizes",1,1,1,1,26880,0,0,2068,"",1.23,0.01,0.01,0.01,0.01,0.00,0.00,1.16,"",0,0.0,0,0.0,0,0.0,0,0.0,538,2.0,0,0.0,0,0.0,42,2.1
"05999","1","927110","78","0","2019","1","","Unknown Or Undefined, Arkansas","Federal Government","NAICS 927110 Space research and technology","County, NAICS 6-digit -- by ownership sector","All establishment sizes",1,1,1,1,30436,0,0,2341,"",10.42,0.25,0.23,0.23,0.21,0.00,0.00,0.90,"",0,0.0,0,0.0,0,0.0,0,0.0,144,0.5,0,0.0,0,0.0,11,0.5
"05999","1","927110","78","0","2019","2","","Unknown Or Undefined, Arkansas","Federal Government","NAICS 927110 Space research and technology","County, NAICS 6-digit -- by ownership sector","All establishment sizes",1,1,1,1,26880,0,0,2068,"",10.11,0.23,0.23,0.25,0.21,0.00,0.00,0.89,"",0,0.0,0,0.0,0,0.0,0,0.0,538,2.0,0,0.0,0,0.0,42,2.1
"06000","1","927110","58","0","2019","1","","California -- Statewide","Federal Government","NAICS 927110 Space research and technology","State, NAICS 6-digit -- by ownership sector","All establishment sizes",15,1754,1754,1771,62984587,0,0,2753,"",1.07,0.87,0.86,0.87,0.79,0.00,0.00,0.91,"",0,0.0,12,0.7,12,0.7,22,1.3,343394,0.5,0,0.0,0,0.0,-9,-0.3
"06000","1","927110","58","0","2019","2","","California -- Statewide","Federal Government","NAICS 927110 Space research and technology","State, NAICS 6-digit -- by ownership sector","All establishment sizes",15,1760,1772,1808,56245692,0,0,2431,"",1.06,0.87,0.87,0.88,0.78,0.00,0.00,0.89,"",0,0.0,27,1.6,44,2.5,57,3.3,2326192,4.3,0,0.0,0,0.0,44,1.8
"06000","2","927110","58","0","2019","1","N","California -- Statewide","State Government","NAICS 927110 Space research and technology","State, NAICS 6-digit -- by ownership sector","All establishment sizes",1,0,0,0,0,0,0,0,"N",2.15,0,0,0,0,0,0,0,"N",0,0.0,0,0,0,0,0,0,0,0,0,0,0,0,0,0
"06000","2","927110","58","0","2019","2","N","California -- Statewide","State Government","NAICS 927110 Space research and technology","State, NAICS 6-digit -- by ownership sector","All establishment sizes",1,0,0,0,0,0,0,0,"N",2.14,0,0,0,0,0,0,0,"N",0,0.0,0,0,0,0,0,0,0,0,0,0,0,0,0,0
"06029","1","927110","78","0","2019","1","","Kern County, California","Federal Government","NAICS 927110 Space research and technology","County, NAICS 6-digit -- by ownership sector","All establishment sizes",4,515,515,526,16537398,0,0,2453,"",22.13,13.58,13.73,14.36,16.96,0.00,0.00,1.22,"",0,0.0,-3,-0.6,-7,-1.3,-1,-0.2,-105795,-0.6,0,0.0,0,0.0,2,0.1
"06029","1","927110","78","0","2019","2","","Kern County, California","Federal Government","NAICS 927110 Space research and technology","County, NAICS 6-digit -- by ownership sector","All establishment sizes",4,523,525,551,14926102,0,0,2154,"",21.55,13.93,13.79,14.20,16.00,0.00,0.00,1.15,"",0,0.0,3,0.6,4,0.8,10,1.8,485221,3.4,0,0.0,0,0.0,47,2.2
"06037","1","927110","78","0","2019","1","","Los Angeles County, California","Federal Government","NAICS 927110 Space research and technology","County, NAICS 6-digit -- by ownership sector","All establishment sizes",3,54,54,54,2039836,0,0,2906,"",0.67,0.10,0.10,0.10,0.11,0.00,0.00,1.05,"",0,0.0,0,0.0,0,0.0,0,0.0,-27242,-1.3,0,0.0,0,0.0,-39,-1.3
"06037","1","927110","78","0","2019","2","","Los Angeles County, California","Federal Government","NAICS 927110 Space research and technology","County, NAICS 6-digit -- by ownership sector","All establishment sizes",3,53,54,55,1876833,0,0,2674,"",0.66,0.10,0.10,0.11,0.11,0.00,0.00,1.06,"",0,0.0,-2,-3.6,-1,-1.8,0,0.0,44794,2.4,0,0.0,0,0.0,112,4.4
"06059","1","927110","78","0","2019","1","","Orange County, California","Federal Government","NAICS 927110 Space research and technology","County, NAICS 6-digit -- by ownership sector","All establishment sizes",1,1,1,1,38617,0,0,2971,"",0.91,0.01,0.01,0.01,0.01,0.00,0.00,1.07,"",0,0.0,0,0.0,0,0.0,0,0.0,228,0.6,0,0.0,0,0.0,18,0.6
"06059","1","927110","78","0","2019","2","","Orange County, California","Federal Government","NAICS 927110 Space research and technology","County, NAICS 6-digit -- by ownership sector","All establishment sizes",1,1,1,1,34377,0,0,2644,"",0.89,0.01,0.01,0.01,0.01,0.00,0.00,1.08,"",0,0.0,0,0.0,0,0.0,0,0.0,1276,3.9,0,0.0,0,0.0,98,3.8
"06067","1","927110","78","0","2019","1","","Sacramento County, California","Federal Government","NAICS 927110 Space research and technology","County, NAICS 6-digit -- by ownership sector","All establishment sizes",1,3,3,3,113394,0,0,2908,"",1.87,0.04,0.04,0.04,0.04,0.00,0.00,1.12,"",0,0.0,0,0.0,0,0.0,0,0.0,-19254,-14.5,0,0.0,0,0.0,-493,-14.5
"06067","1","927110","78","0","2019","2","","Sacramento County, California","Federal Government","NAICS 927110 Space research and technology","County, NAICS 6-digit -- by ownership sector","All establishment sizes",1,3,3,3,120791,0,0,3097,"",1.84,0.04,0.04,0.04,0.05,0.00,0.00,1.27,"",0,0.0,0,0.0,0,0.0,0,0.0,7397,6.5,0,0.0,0,0.0,189,6.5
"06067","2","927110","78","0","2019","1","N","Sacramento County, California","State Government","NAICS 927110 Space research and technology","County, NAICS 6-digit -- by ownership sector","All establishment sizes",1,0,0,0,0,0,0,0,"N",56.12,0,0,0,0,0,0,0,"N",0,0.0,0,0,0,0,0,0,0,0,0,0,0,0,0,0
"06067","2","927110","78","0","2019","2","N","Sacramento County, California","State Government","NAICS 927110 Space research and technology","County, NAICS 6-digit -- by ownership sector","All establishment sizes",1,0,0,0,0,0,0,0,"N",55.90,0,0,0,0,0,0,0,"N",0,0.0,0,0,0,0,0,0,0,0,0,0,0,0,0,0
"06083","1","927110","78","0","2019","1","","Santa Barbara County, California","Federal Government","NAICS 927110 Space research and technology","County, NAICS 6-digit -- by ownership sector","All establishment sizes",1,8,8,8,280321,0,0,2695,"",7.24,0.35,0.35,0.35,0.42,0.00,0.00,1.19,"",0,0.0,0,0.0,0,0.0,0,0.0,-14904,-5.0,0,0.0,0,0.0,-144,-5.1
"06083","1","927110","78","0","2019","2","","Santa Barbara County, California","Federal Government","NAICS 927110 Space research and technology","County, NAICS 6-digit -- by ownership sector","All establishment sizes",1,8,8,8,251675,0,0,2420,"",7.14,0.34,0.33,0.33,0.37,0.00,0.00,1.12,"",0,0.0,0,0.0,0,0.0,1,14.3,25336,11.2,0,0.0,0,0.0,149,6.6
"06085","1","927110","78","0","2019","1","","Santa Clara County, California","Federal Government","NAICS 927110 Space research and technology","County, NAICS 6-digit -- by ownership sector","All establishment sizes",4,1161,1161,1167,43536551,0,0,2880,"",6.11,9.01,9.01,9.00,4.37,0.00,0.00,0.49,"",0,0.0,15,1.3,19,1.7,23,2.0,505640,1.2,0,0.0,0,0.0,-13,-0.4
"06085","1","927110","78","0","2019","2","","Santa Clara County, California","Federal Government","NAICS 927110 Space research and technology","County, NAICS 6-digit -- by ownership sector","All establishment sizes",4,1160,1169,1177,38614046,0,0,2542,"",6.02,9.04,9.12,9.03,4.28,0.00,0.00,0.47,"",0,0.0,26,2.3,41,3.6,47,4.2,1780506,4.8,0,0.0,0,0.0,36,1.4
"06999","1","927110","78","0","2019","1","","Unknown Or Undefined, California","Federal Government","NAICS 927110 Space research and technology","County, NAICS 6-digit -- by ownership sector","All establishment sizes",1,12,12,12,438470,0,0,2811,"",2.33,0.27,0.26,0.26,0.17,0.00,0.00,0.65,"",0,0.0,0,0.0,0,0.0,0,0.0,4721,1.1,0,0.0,0,0.0,31,1.1
"06999","1","927110","78","0","2019","2","","Unknown Or Undefined, California","Federal Government","NAICS 927110 Space research and technology","County, NAICS 6-digit -- by ownership sector","All establishment sizes",1,12,12,13,421868,0,0,2631,"",2.33,0.27,0.27,0.29,0.19,0.00,0.00,0.70,"",0,0.0,0,0.0,0,0.0,-1,-7.1,-18338,-4.2,0,0.0,0,0.0,-42,-1.6
"08000","1","927110","58","0","2019","1","","Colorado -- Statewide","Federal Government","NAICS 927110 Space research and technology","State, NAICS 6-digit -- by ownership sector","All establishment sizes",3,33,33,34,1240825,0,0,2863,"",1.62,0.11,0.11,0.11,0.11,0.00,0.00,1.08,"",-1,-25.0,2,6.5,1,3.1,2,6.2,103192,9.1,0,0.0,0,0.0,100,3.6
"08000","1","927110","58","0","2019","2","","Colorado -- Statewide","Federal Government","NAICS 927110 Space research and technology","State, NAICS 6-digit -- by ownership sector","All establishment sizes",3,34,36,36,1165556,0,0,2537,"",1.61,0.11,0.12,0.11,0.12,0.00,0.00,1.09,"",-1,-25.0,2,6.2,3,9.1,1,2.9,89275,8.3,0,0.0,0,0.0,53,2.1
"08013","1","927110","78","0","2019","1","","Boulder County, Colorado","Federal Government","NAICS 927110 Space research and technology","County, NAICS 6-digit -- by ownership sector","All establishment sizes",1,3,3,3,117275,0,0,3007,"",7.16,0.14,0.14,0.14,0.14,0.00,0.00,0.99,"",0,0.0,0,0.0,0,0.0,0,0.0,557,0.5,0,0.0,0,0.0,14,0.5
"08013","1","927110","78","0","2019","2","","Boulder County, Colorado","Federal Government","NAICS 927110 Space research and technology","County, NAICS 6-digit -- by ownership sector","All establishment sizes",1,3,3,3,103874,0,0,2663,"",7.10,0.14,0.14,0.14,0.14,0.00,0.00,0.99,"",0,0.0,0,0.0,0,0.0,0,0.0,2379,2.3,0,0.0,0,0.0,61,2.3
"08031","1","927110","78","0","2019","1","","Denver County, Colorado","Federal Government","NAICS 927110 Space research and technology","County, NAICS 6-digit -- by ownership sector","All establishment sizes",1,8,8,8,275404,0,0,2648,"",3.35,0.13,0.13,0.13,0.11,0.00,0.00,0.80,"",0,0.0,0,0.0,0,0.0,0,0.0,6070,2.3,0,0.0,0,0.0,58,2.2
"08031","1","927110","78","0","2019","2","","Denver County, Colorado","Federal Government","NAICS 927110 Space research and technology","County, NAICS 6-digit -- by ownership sector","All establishment sizes",1,8,8,8,246658,0,0,2372,"",3.30,0.13,0.13,0.13,0.11,0.00,0.00,0.86,"",0,0.0,-1,-11.1,-1,-11.1,-1,-11.1,-3917,-1.6,0,0.0,0,0.0,230,10.7
"08999","1","927110","78","0","2019","1","","Unknown Or Undefined, Colorado","Federal Government","NAICS 927110 Space research and technology","County, NAICS 6-digit -- by ownership sector","All establishment sizes",1,22,22,23,848146,0,0,2921,"",18.42,7.97,7.60,7.74,5.99,0.00,0.00,0.77,"",0,0.0,3,15.8,2,10.0,3,15.0,133869,18.7,0,0.0,0,0.0,127,4.5
"08999","1","927110","78","0","2019","2","","Unknown Or Undefined, Colorado","Federal Government","NAICS 927110 Space research and technology","County, NAICS 6-digit -- by ownership sector","All establishment sizes",1,23,25,25,815024,0,0,2576,"",19.08,8.10,8.59,8.11,6.54,0.00,0.00,0.79,"",0,0.0,4,21.1,5,25.0,3,13.6,123250,17.8,0,0.0,0,0.0,-41,-1.6
"09000","1","927110","58","0","2019","1","","Connecticut -- Statewide","Federal Government","NAICS 927110 Space research and technology","State, NAICS 6-digit -- by ownership sector","All establishment sizes",1,1,1,1,43400,0,0,3338,"",0.93,0.01,0.01,0.01,0.01,0.00,0.00,1.04,"",0,0.0,1,100.0,1,100.0,0,0.0,-2749,-6.0,0,0.0,0,0.0,-7312,-68.7
"09000","1","927110","58","0","2019","2","","Connecticut -- Statewide","Federal Government","NAICS 927110 Space research and technology","State, NAICS 6-digit -- by ownership sector","All establishment sizes",1,1,1,2,56861,0,0,3280,"",0.92,0.01,0.01,0.01,0.01,0.00,0.00,1.26,"",0,0.0,0,0.0,0,0.0,1,100.0,19661,52.9,0,0.0,0,0.0,418,14.6
"09003","1","927110","78","0","2019","1","","Hartford County, Connecticut","Federal Government","NAICS 927110 Space research and technology","County, NAICS 6-digit -- by ownership sector","All establishment sizes",1,1,1,1,43400,0,0,3338,"",3.91,0.02,0.02,0.02,0.02,0.00,0.00,1.04,"",0,0.0,1,100.0,1,100.0,0,0.0,-2749,-6.0,0,0.0,0,0.0,-7312,-68.7
"09003","1","927110","78","0","2019","2","","Hartford County, Connecticut","Federal Government","NAICS 927110 Space research and technology","County, NAICS 6-digit -- by ownership sector","All establishment sizes",1,1,1,2,56861,0,0,3280,"",3.86,0.02,0.02,0.03,0.03,0.00,0.00,1.26,"",0,0.0,0,0.0,0,0.0,1,100.0,19661,52.9,0,0.0,0,0.0,418,14.6
"10000","1","927110","58","0","2019","1","","Delaware -- Statewide","Federal Government","NAICS 927110 Space research and technology","State, NAICS 6-digit -- by ownership sector","All establishment sizes",1,1,1,1,33864,0,0,2605,"",3.34,0.02,0.02,0.02,0.02,0.00,0.00,0.98,"",0,0.0,0,0.0,0,0.0,0,0.0,190,0.6,0,0.0,0,0.0,15,0.6
"10000","1","927110","58","0","2019","2","","Delaware -- Statewide","Federal Government","NAICS 927110 Space research and technology","State, NAICS 6-digit -- by ownership sector","All establishment sizes",1,1,1,1,30073,0,0,2313,"",3.34,0.02,0.02,0.02,0.02,0.00,0.00,1.06,"",0,0.0,0,0.0,0,0.0,0,0.0,1047,3.6,0,0.0,0,0.0,80,3.6
"10999","1","927110","78","0","2019","1","","Unknown Or Undefined, Delaware","Federal Government","NAICS 927110 Space research and technology","County, NAICS 6-digit -- by ownership sector","All establishment sizes",1,1,1,1,33864,0,0,2605,"",92.71,1.12,1.10,1.07,0.79,0.00,0.00,0.73,"",0,0.0,0,0.0,0,0.0,0,0.0,190,0.6,0,0.0,0,0.0,15,0.6
"10999","1","927110","78","0","2019","2","","Unknown Or Undefined, Delaware","Federal Government","NAICS 927110 Space research and technology","County, NAICS 6-digit -- by ownership sector","All establishment sizes",1,1,1,1,30073,0,0,2313,"",93.57,1.12,1.15,1.14,0.84,0.00,0.00,0.74,"",0,0.0,0,0.0,0,0.0,0,0.0,1047,3.6,0,0.0,0,0.0,80,3.6
"11000","1","927110","58","0","2019","1","","District of Columbia","Federal Government","NAICS 927110 Space research and technology","State, NAICS 6-digit -- by ownership sector","All establishment sizes",4,1043,1043,1054,40574786,0,0,2982,"",11.17,11.67,11.59,11.64,8.38,0.00,0.00,0.72,"",0,0.0,3,0.3,6,0.6,12,1.2,726149,1.8,0,0.0,0,0.0,34,1.2
"11000","1","927110","58","0","2019","2","","District of Columbia","Federal Government","NAICS 927110 Space research and technology","State, NAICS 6-digit -- by ownership sector","All establishment sizes",4,1046,1052,1058,36237258,0,0,2650,"",11.19,11.67,11.81,11.68,8.47,0.00,0.00,0.72,"",0,0.0,0,0.0,9,0.9,9,0.9,1979312,5.8,0,0.0,0,0.0,131,5.2
"11001","1","927110","78","0","2019","1","","District of Columbia","Federal Government","NAICS 927110 Space research and technology","County, NAICS 6-digit -- by ownership sector","All establishment sizes",4,1043,1043,1054,40574786,0,0,2982,"",11.17,11.67,11.59,11.65,8.38,0.00,0.00,0.72,"",0,0.0,3,0.3,6,0.6,12,1.2,726149,1.8,0,0.0,0,0.0,34,1.2
"11001","1","927110","78","0","2019","2","","District of Columbia","Federal Government","NAICS 927110 Space research and technology","County, NAICS 6-digit -- by ownership sector","All establishment sizes",4,1046,1052,1058,36237258,0,0,2650,"",11.19,11.67,11.81,11.68,8.47,0.00,0.00,0.72,"",0,0.0,0,0.0,9,0.9,9,0.9,1979312,5.8,0,0.0,0,0.0,131,5.2
"12000","1","927110","58","0","2019","1","","Florida -- Statewide","Federal Government","NAICS 927110 Space research and technology","State, NAICS 6-digit -- by ownership sector","All establishment sizes",8,1981,1981,1994,59475195,0,0,2304,"",1.27,1.92,1.91,1.92,2.02,0.00,0.00,1.06,"",0,0.0,45,2.3,33,1.7,25,1.3,846794,1.4,0,0.0,0,0.0,-8,-0.3
"12000","1","927110","58","0","2019","2","","Florida -- Statewide","Federal Government","NAICS 927110 Space research and technology","State, NAICS 6-digit -- by ownership sector","All establishment sizes",8,1990,2004,2044,53402723,0,0,2041,"",1.26,1.93,1.96,2.02,2.01,0.00,0.00,1.02,"",0,0.0,26,1.3,40,2.0,35,1.7,2209143,4.3,0,0.0,0,0.0,51,2.6
"12000","3","927110","58","0","2019","1","N","Florida -- Statewide","Local Government","NAICS 927110 Space research and technology","State, NAICS 6-digit -- by ownership sector","All establishment sizes",2,0,0,0,0,0,0,0,"N",14.32,0,0,0,0,0,0,0,"N",0,0.0,0,0,0,0,0,0,0,0,0,0,0,0,0,0
"12000","3","927110","58","0","2019","2","N","Florida -- Statewide","Local Government","NAICS 927110 Space research and technology","State, NAICS 6-digit -- by ownership sector","All establishment sizes",2,0,0,0,0,0,0,0,"N",14.31,0,0,0,0,0,0,0,"N",0,0.0,0,0,0,0,0,0,0,0,0,0,0,0,0,0
"12009","1","927110","78","0","2019","1","","Brevard County, Florida","Federal Government","NAICS 927110 Space research and technology","County, NAICS 6-digit -- by ownership sector","All establishment sizes",6,1964,1964,1978,58943592,0,0,2303,"",41.33,76.59,76.38,76.61,84.07,0.00,0.00,1.10,"",0,0.0,37,1.9,26,1.3,21,1.1,707356,1.2,0,0.0,0,0.0,-5,-0.2
"12009","1","927110","78","0","2019","2","","Brevard County, Florida","Federal Government","NAICS 927110 Space research and technology","County, NAICS 6-digit -- by ownership sector","All establishment sizes",6,1974,1988,2026,52875362,0,0,2038,"",40.99,76.98,77.98,78.85,77.42,0.00,0.00,0.99,"",0,0.0,23,1.2,37,1.9,30,1.5,2038501,4.0,0,0.0,0,0.0,49,2.5
"12009","3","927110","78","0","2019","1","N","Brevard County, Florida","Local Government","NAICS 927110 Space research and technology","County, NAICS 6-digit -- by ownership sector","All establishment sizes",1,0,0,0,0,0,0,0,"N",310.00,0,0,0,0,0,0,0,"N",0,0.0,0,0,0,0,0,0,0,0,0,0,0,0,0,0
"12009","3","927110","78","0","2019","2","N","Brevard County, Florida","Local Government","NAICS 927110 Space research and technology","County, NAICS 6-digit -- by ownership sector","All establishment sizes",1,0,0,0,0,0,0,0,"N",310.82,0,0,0,0,0,0,0,"N",0,0.0,0,0,0,0,0,0,0,0,0,0,0,0,0,0
"12086","1","927110","78","0","2019","1","","Miami-Dade County, Florida","Federal Government","NAICS 927110 Space research and technology","County, NAICS 6-digit -- by ownership sector","All establishment sizes",1,1,1,1,40360,0,0,3105,"",1.12,0.01,0.01,0.01,0.01,0.00,0.00,1.28,"",0,0.0,0,0.0,0,0.0,0,0.0,1354,3.5,0,0.0,0,0.0,105,3.5
"12086","1","927110","78","0","2019","2","","Miami-Dade County, Florida","Federal Government","NAICS 927110 Space research and technology","County, NAICS 6-digit -- by ownership sector","All establishment sizes",1,1,1,1,35729,0,0,2748,"",1.11,0.01,0.01,0.01,0.01,0.00,0.00,1.27,"",0,0.0,0,0.0,0,0.0,0,0.0,2124,6.3,0,0.0,0,0.0,163,6.3
"12086","3","927110","78","0","2019","1","N","Miami-Dade County, Florida","Local Government","NAICS 927110 Space research and technology","County, NAICS 6-digit -- by ownership sector","All establishment sizes",1,0,0,0,0,0,0,0,"N",50.36,0,0,0,0,0,0,0,"N",0,0.0,0,0,0,0,0,0,0,0,0,0,0,0,0,0
"12086","3","927110","78","0","2019","2","N","Miami-Dade County, Florida","Local Government","NAICS 927110 Space research and technology","County, NAICS 6-digit -- by ownership sector","All establishment sizes",1,0,0,0,0,0,0,0,"N",50.40,0,0,0,0,0,0,0,"N",0,0.0,0,0,0,0,0,0,0,0,0,0,0,0,0,0
"12999","1","927110","78","0","2019","1","","Unknown Or Undefined, Florida","Federal Government","NAICS 927110 Space research and technology","County, NAICS 6-digit -- by ownership sector","All establishment sizes",1,16,16,15,491243,0,0,2412,"",2.35,0.48,0.47,0.44,0.29,0.00,0.00,0.64,"",0,0.0,8,100.0,7,77.8,4,36.4,138084,39.1,0,0.0,0,0.0,-499,-17.1
"12999","1","927110","78","0","2019","2","","Unknown Or Undefined, Florida","Federal Government","NAICS 927110 Space research and technology","County, NAICS 6-digit -- by ownership sector","All establishment sizes",1,15,15,17,491632,0,0,2414,"",2.34,0.44,0.44,0.50,0.34,0.00,0.00,0.75,"",0,0.0,3,25.0,3,25.0,5,41.7,168518,52.2,0,0.0,0,0.0,343,16.6
"15000","1","927110","58","0","2019","1","","Hawaii -- Statewide","Federal Government","NAICS 927110 Space research and technology","State, NAICS 6-digit -- by ownership sector","All establishment sizes",1,0,0,0,0,0,0,0,"",2.55,0.00,0.00,0.00,0.00,0.00,0.00,0.00,"",0,0.0,-1,-100.0,-1,-100.0,-1,-100.0,-39755,-100.0,0,0.0,0,0.0,-3058,-100.0
"15000","1","927110","58","0","2019","2","","Hawaii -- Statewide","Federal Government","NAICS 927110 Space research and technology","State, NAICS 6-digit -- by ownership sector","All establishment sizes",1,0,0,0,0,0,0,0,"",2.52,0.00,0.00,0.00,0.00,0.00,0.00,0.00,"",0,0.0,-1,-100.0,-1,-100.0,-1,-100.0,-34224,-100.0,0,0.0,0,0.0,-2633,-100.0
"15999","1","927110","78","0","2019","1","","Unknown Or Undefined, Hawaii","Federal Government","NAICS 927110 Space research and technology","County, NAICS 6-digit -- by ownership sector","All establishment sizes",1,0,0,0,0,0,0,0,"",62.17,0.00,0.00,0.00,0.00,0.00,0.00,0.00,"",0,0.0,-1,-100.0,-1,-100.0,-1,-100.0,-39755,-100.0,0,0.0,0,0.0,-3058,-100.0
"15999","1","927110","78","0","2019","2","","Unknown Or Undefined, Hawaii","Federal Government","NAICS 927110 Space research and technology","County, NAICS 6-digit -- by ownership sector","All establishment sizes",1,0,0,0,0,0,0,0,"",46.15,0.00,0.00,0.00,0.00,0.00,0.00,0.00,"",0,0.0,-1,-100.0,-1,-100.0,-1,-100.0,-34224,-100.0,0,0.0,0,0.0,-2633,-100.0
"17000","1","927110","58","0","2019","1","","Illinois -- Statewide","Federal Government","NAICS 927110 Space research and technology","State, NAICS 6-digit -- by ownership sector","All establishment sizes",1,3,3,3,81066,0,0,2079,"",0.30,0.00,0.00,0.00,0.00,0.00,0.00,0.76,"",0,0.0,1,50.0,1,50.0,0,0.0,1196,1.5,0,0.0,0,0.0,-554,-21.0
"17000","1","927110","58","0","2019","2","","Illinois -- Statewide","Federal Government","NAICS 927110 Space research and technology","State, NAICS 6-digit -- by ownership sector","All establishment sizes",1,3,4,4,110870,0,0,2326,"",0.30,0.00,0.01,0.01,0.01,0.00,0.00,1.01,"",0,0.0,0,0.0,1,33.3,1,33.3,42630,62.5,0,0.0,0,0.0,576,32.9
"17999","1","927110","78","0","2019","1","","Unknown Or Undefined, Illinois","Federal Government","NAICS 927110 Space research and technology","County, NAICS 6-digit -- by ownership sector","All establishment sizes",1,3,3,3,81066,0,0,2079,"",2.20,0.19,0.18,0.18,0.09,0.00,0.00,0.51,"",0,0.0,1,50.0,1,50.0,0,0.0,1196,1.5,0,0.0,0,0.0,-554,-21.0
"17999","1","927110","78","0","2019","2","","Unknown Or Undefined, Illinois","Federal Government","NAICS 927110 Space research and technology","County, NAICS 6-digit -- by ownership sector","All establishment sizes",1,3,4,4,110870,0,0,2326,"",2.05,0.18,0.23,0.23,0.14,0.00,0.00,0.67,"",0,0.0,0,0.0,1,33.3,1,33.3,42630,62.5,0,0.0,0,0.0,576,32.9
"18000","1","927110","58","0","2019","1","","Indiana -- Statewide","Federal Government","NAICS 927110 Space research and technology","State, NAICS 6-digit -- by ownership sector","All establishment sizes",1,1,1,1,35968,0,0,2767,"",0.67,0.00,0.00,0.00,0.00,0.00,0.00,1.33,"",0,0.0,0,0.0,0,0.0,0,0.0,-345,-1.0,0,0.0,0,0.0,-26,-0.9
"18000","1","927110","58","0","2019","2","","Indiana -- Statewide","Federal Government","NAICS 927110 Space research and technology","State, NAICS 6-digit -- by ownership sector","All establishment sizes",1,1,1,1,31772,0,0,2444,"",0.67,0.00,0.00,0.00,0.00,0.00,0.00,1.30,"",0,0.0,0,0.0,0,0.0,0,0.0,942,3.1,0,0.0,0,0.0,72,3.0
"18999","1","927110","78","0","2019","1","","Unknown Or Undefined, Indiana","Federal Government","NAICS 927110 Space research and technology","County, NAICS 6-digit -- by ownership sector","All establishment sizes",1,1,1,1,35968,0,0,2767,"",5.52,0.11,0.11,0.11,0.11,0.00,0.00,0.96,"",0,0.0,0,0.0,0,0.0,0,0.0,-345,-1.0,0,0.0,0,0.0,-26,-0.9
"18999","1","927110","78","0","2019","2","","Unknown Or Undefined, Indiana","Federal Government","NAICS 927110 Space research and technology","County, NAICS 6-digit -- by ownership sector","All establishment sizes",1,1,1,1,31772,0,0,2444,"",6.32,0.11,0.11,0.11,0.10,0.00,0.00,0.95,"",0,0.0,0,0.0,0,0.0,0,0.0,942,3.1,0,0.0,0,0.0,72,3.0
"21000","1","927110","58","0","2019","1","","Kentucky -- Statewide","Federal Government","NAICS 927110 Space research and technology","State, NAICS 6-digit -- by ownership sector","All establishment sizes",1,1,1,1,28873,0,0,2221,"",0.92,0.00,0.00,0.00,0.01,0.00,0.00,1.12,"",0,0.0,0,0.0,0,0.0,0,0.0,355,1.2,0,0.0,0,0.0,27,1.2
"21000","1","927110","58","0","2019","2","","Kentucky -- Statewide","Federal Government","NAICS 927110 Space research and technology","State, NAICS 6-digit -- by ownership sector","All establishment sizes",1,0,1,1,10214,0,0,1179,"",0.93,0.00,0.00,0.00,0.00,0.00,0.00,0.63,"",0,0.0,-1,-100.0,0,0.0,0,0.0,-14535,-58.7,0,0.0,0,0.0,-725,-38.1
"21999","1","927110","78","0","2019","1","","Unknown Or Undefined, Kentucky","Federal Government","NAICS 927110 Space research and technology","County, NAICS 6-digit -- by ownership sector","All establishment sizes",1,1,1,1,28873,0,0,2221,"",20.85,0.32,0.31,0.31,0.23,0.00,0.00,0.74,"",0,0.0,0,0.0,0,0.0,0,0.0,355,1.2,0,0.0,0,0.0,27,1.2
"21999","1","927110","78","0","2019","2","","Unknown Or Undefined, Kentucky","Federal Government","NAICS 927110 Space research and technology","County, NAICS 6-digit -- by ownership sector","All establishment sizes",1,0,1,1,10214,0,0,1179,"",21.72,0.00,0.31,0.30,0.09,0.00,0.00,0.45,"",0,0.0,-1,-100.0,0,0.0,0,0.0,-14535,-58.7,0,0.0,0,0.0,-725,-38.1
"22000","1","927110","58","0","2019","1","","Louisiana -- Statewide","Federal Government","NAICS 927110 Space research and technology","State, NAICS 6-digit -- by ownership sector","All establishment sizes",1,24,24,24,808691,0,0,2592,"",0.84,0.11,0.11,0.11,0.14,0.00,0.00,1.26,"",-1,-50.0,1,4.3,0,0.0,0,0.0,-28795,-3.4,0,0.0,0,0.0,-130,-4.8
"22000","1","927110","58","0","2019","2","","Louisiana -- Statewide","Federal Government","NAICS 927110 Space research and technology","State, NAICS 6-digit -- by ownership sector","All establishment sizes",2,24,25,24,745644,0,0,2357,"",1.67,0.11,0.11,0.11,0.14,0.00,0.00,1.24,"",0,0.0,0,0.0,1,4.2,0,0.0,22560,3.1,0,0.0,0,0.0,39,1.7
"22071","1","927110","78","0","2019","1","","Orleans Parish, Louisiana","Federal Government","NAICS 927110 Space research and technology","County, NAICS 6-digit -- by ownership sector","All establishment sizes",1,24,24,24,808691,0,0,2592,"",8.47,1.04,1.03,1.03,1.17,0.00,0.00,1.13,"",0,0.0,1,4.3,0,0.0,0,0.0,-28795,-3.4,0,0.0,0,0.0,-130,-4.8
"22071","1","927110","78","0","2019","2","","Orleans Parish, Louisiana","Federal Government","NAICS 927110 Space research and technology","County, NAICS 6-digit -- by ownership sector","All establishment sizes",1,24,24,23,701798,0,0,2281,"",8.38,1.02,1.03,1.00,1.14,0.00,0.00,1.12,"",0,0.0,0,0.0,0,0.0,-1,-4.2,-21286,-2.9,0,0.0,0,0.0,-37,-1.6
"22999","1","927110","78","0","2019","1","-","Unknown Or Undefined, Louisiana","Federal Government","NAICS 927110 Space research and technology","County, NAICS 6-digit -- by ownership sector","All establishment sizes",0,0,0,0,0,0,0,0,"N",0.00,0,0,0,0,0,0,0,"N",-1,-100.0,0,0,0,0,0,0,0,0,0,0,0,0,0,0
"22999","1","927110","78","0","2019","2","","Unknown Or Undefined, Louisiana","Federal Government","NAICS 927110 Space research and technology","County, NAICS 6-digit -- by ownership sector","All establishment sizes",1,0,1,1,43846,0,0,5059,"",41.74,0.00,0.26,0.27,0.34,0.00,0.00,1.96,"",0,0.0,0,0.0,1,100.0,1,100.0,43846,100.0,0,0.0,0,0.0,5059,100.0
"24000","1","927110","58","0","2019","1","","Maryland -- Statewide","Federal Government","NAICS 927110 Space research and technology","State, NAICS 6-digit -- by ownership sector","All establishment sizes",4,2833,2833,2857,99584104,0,0,2696,"",2.57,9.12,9.14,9.14,9.31,0.00,0.00,1.02,"",0,0.0,26,0.9,5,0.2,18,0.6,1065942,1.1,0,0.0,0,0.0,13,0.5
"24000","1","927110","58","0","2019","2","","Maryland -- Statewide","Federal Government","NAICS 927110 Space research and technology","State, NAICS 6-digit -- by ownership sector","All establishment sizes",4,2842,2831,2864,88545410,0,0,2394,"",2.58,9.13,9.08,9.03,8.94,0.00,0.00,0.99,"",0,0.0,25,0.9,19,0.7,31,1.1,2972525,3.5,0,0.0,0,0.0,60,2.6
"24033","1","927110","78","0","2019","1","","Prince George's County, Maryland","Federal Government","NAICS 927110 Space research and technology","County, NAICS 6-digit -- by ownership sector","All establishment sizes",3,2829,2829,2851,99349012,0,0,2694,"",20.63,76.50,76.25,76.25,85.71,0.00,0.00,1.12,"",0,0.0,28,1.0,7,0.2,18,0.6,1073302,1.1,0,0.0,0,0.0,12,0.4
"24033","1","927110","78","0","2019","2","","Prince George's County, Maryland","Federal Government","NAICS 927110 Space research and technology","County, NAICS 6-digit -- by ownership sector","All establishment sizes",3,2836,2824,2856,88285939,0,0,2392,"",20.74,76.50,76.24,75.82,77.75,0.00,0.00,1.02,"",0,0.0,24,0.9,17,0.6,29,1.0,2926132,3.4,0,0.0,0,0.0,60,2.6
"24999","1","927110","78","0","2019","1","","Unknown Or Undefined, Maryland","Federal Government","NAICS 927110 Space research and technology","County, NAICS 6-digit -- by ownership sector","All establishment sizes",1,4,4,6,235092,0,0,3875,"",4.96,0.43,0.43,0.64,0.47,0.00,0.00,0.94,"",0,0.0,-2,-33.3,-2,-33.3,0,0.0,-7360,-3.0,0,0.0,0,0.0,767,24.7
"24999","1","927110","78","0","2019","2","","Unknown Or Undefined, Maryland","Federal Government","NAICS 927110 Space research and technology","County, NAICS 6-digit -- by ownership sector","All establishment sizes",1,6,7,8,259471,0,0,2851,"",5.05,0.63,0.74,0.83,0.57,0.00,0.00,0.78,"",0,0.0,1,20.0,2,40.0,2,33.3,46393,21.8,0,0.0,0,0.0,-222,-7.2
"25000","1","927110","58","0","2019","1","","Massachusetts -- Statewide","Federal Government","NAICS 927110 Space research and technology","State, NAICS 6-digit -- by ownership sector","All establishment sizes",1,1,1,2,69625,0,0,4017,"",0.43,0.00,0.00,0.00,0.00,0.00,0.00,1.19,"",0,0.0,0,0.0,0,0.0,1,100.0,22987,49.3,0,0.0,0,0.0,429,12.0
"25000","1","927110","58","0","2019","2","","Massachusetts -- Statewide","Federal Government","NAICS 927110 Space research and technology","State, NAICS 6-digit -- by ownership sector","All establishment sizes",1,2,2,2,61513,0,0,2366,"",0.43,0.00,0.00,0.00,0.00,0.00,0.00,0.83,"",0,0.0,1,100.0,1,100.0,1,100.0,21380,53.3,0,0.0,0,0.0,-721,-23.4
"25027","1","927110","78","0","2019","1","","Worcester County, Massachusetts","Federal Government","NAICS 927110 Space research and technology","County, NAICS 6-digit -- by ownership sector","All establishment sizes",1,1,1,2,69625,0,0,4017,"",4.23,0.02,0.02,0.05,0.05,0.00,0.00,1.66,"",0,0.0,0,0.0,0,0.0,1,100.0,22987,49.3,0,0.0,0,0.0,429,12.0
"25027","1","927110","78","0","2019","2","","Worcester County, Massachusetts","Federal Government","NAICS 927110 Space research and technology","County, NAICS 6-digit -- by ownership sector","All establishment sizes",1,2,2,2,61513,0,0,2366,"",4.24,0.05,0.05,0.05,0.05,0.00,0.00,1.07,"",0,0.0,1,100.0,1,100.0,1,100.0,21380,53.3,0,0.0,0,0.0,-721,-23.4
"27000","1","927110","58","0","2019","1","","Minnesota -- Statewide","Federal Government","NAICS 927110 Space research and technology","State, NAICS 6-digit -- by ownership sector","All establishment sizes",1,1,1,1,26707,0,0,2054,"",0.63,0.00,0.00,0.00,0.00,0.00,0.00,0.79,"",0,0.0,0,0.0,0,0.0,0,0.0,976,3.8,0,0.0,0,0.0,75,3.8
"27000","1","927110","58","0","2019","2","","Minnesota -- Statewide","Federal Government","NAICS 927110 Space research and technology","State, NAICS 6-digit -- by ownership sector","All establishment sizes",1,1,1,1,24300,0,0,1869,"",0.62,0.00,0.00,0.00,0.00,0.00,0.00,0.82,"",0,0.0,0,0.0,0,0.0,0,0.0,1528,6.7,0,0.0,0,0.0,117,6.7
"27053","1","927110","78","0","2019","1","","Hennepin County, Minnesota","Federal Government","NAICS 927110 Space research and technology","County, NAICS 6-digit -- by ownership sector","All establishment sizes",1,1,1,1,26707,0,0,2054,"",2.75,0.01,0.01,0.01,0.01,0.00,0.00,0.62,"",0,0.0,0,0.0,0,0.0,0,0.0,976,3.8,0,0.0,0,0.0,75,3.8
"27053","1","927110","78","0","2019","2","","Hennepin County, Minnesota","Federal Government","NAICS 927110 Space research and technology","County, NAICS 6-digit -- by ownership sector","All establishment sizes",1,1,1,1,24300,0,0,1869,"",2.71,0.01,0.01,0.01,0.01,0.00,0.00,0.67,"",0,0.0,0,0.0,0,0.0,0,0.0,1528,6.7,0,0.0,0,0.0,117,6.7
"28000","1","927110","58","0","2019","1","","Mississippi -- Statewide","Federal Government","NAICS 927110 Space research and technology","State, NAICS 6-digit -- by ownership sector","All establishment sizes",5,410,410,413,12171854,0,0,2278,"",7.67,3.11,3.11,3.13,4.23,0.00,0.00,1.36,"",0,0.0,-14,-3.3,-13,-3.1,-13,-3.1,-210370,-1.7,0,0.0,0,0.0,33,1.5
"28000","1","927110","58","0","2019","2","","Mississippi -- Statewide","Federal Government","NAICS 927110 Space research and technology","State, NAICS 6-digit -- by ownership sector","All establishment sizes",5,408,403,406,10666853,0,0,2023,"",7.64,3.11,3.08,3.08,3.95,0.00,0.00,1.28,"",0,0.0,-15,-3.5,-22,-5.2,-20,-4.7,-53539,-0.5,0,0.0,0,0.0,81,4.2
"28045","1","927110","78","0","2019","1","","Hancock County, Mississippi","Federal Government","NAICS 927110 Space research and technology","County, NAICS 6-digit -- by ownership sector","All establishment sizes",4,409,409,412,12138658,0,0,2277,"",515.21,262.75,261.98,260.53,293.30,0.00,0.00,1.12,"",0,0.0,-14,-3.3,-13,-3.1,-13,-3.1,-210524,-1.7,0,0.0,0,0.0,33,1.5
"28045","1","927110","78","0","2019","2","","Hancock County, Mississippi","Federal Government","NAICS 927110 Space research and technology","County, NAICS 6-digit -- by ownership sector","All establishment sizes",4,407,402,405,10636855,0,0,2022,"",516.20,259.59,257.44,255.19,262.28,0.00,0.00,1.02,"",0,0.0,-15,-3.6,-22,-5.2,-20,-4.7,-55083,-0.5,0,0.0,0,0.0,81,4.2
"28999","1","927110","78","0","2019","1","","Unknown Or Undefined, Mississippi","Federal Government","NAICS 927110 Space research and technology","County, NAICS 6-digit -- by ownership sector","All establishment sizes",1,1,1,1,33196,0,0,2554,"",11.29,0.27,0.26,0.26,0.26,0.00,0.00,0.98,"",0,0.0,0,0.0,0,0.0,0,0.0,154,0.5,0,0.0,0,0.0,12,0.5
"28999","1","927110","78","0","2019","2","","Unknown Or Undefined, Mississippi","Federal Government","NAICS 927110 Space research and technology","County, NAICS 6-digit -- by ownership sector","All establishment sizes",1,1,1,1,29998,0,0,2308,"",11.12,0.26,0.26,0.26,0.25,0.00,0.00,0.97,"",0,0.0,0,0.0,0,0.0,0,0.0,1544,5.4,0,0.0,0,0.0,119,5.4
"29000","1","927110","58","0","2019","1","","Missouri -- Statewide","Federal Government","NAICS 927110 Space research and technology","State, NAICS 6-digit -- by ownership sector","All establishment sizes",1,1,1,2,40731,0,0,2350,"",0.55,0.00,0.00,0.01,0.00,0.00,0.00,1.11,"",0,0.0,-1,-50.0,-1,-50.0,0,0.0,-17360,-29.9,0,0.0,0,0.0,116,5.2
"29000","1","927110","58","0","2019","2","","Missouri -- Statewide","Federal Government","NAICS 927110 Space research and technology","State, NAICS 6-digit -- by ownership sector","All establishment sizes",1,2,2,2,51972,0,0,1999,"",0.54,0.01,0.01,0.01,0.01,0.00,0.00,1.02,"",0,0.0,0,0.0,0,0.0,0,0.0,1932,3.9,0,0.0,0,0.0,74,3.8
"29510","1","927110","78","0","2019","1","","St. Louis City, Missouri","Federal Government","NAICS 927110 Space research and technology","County, NAICS 6-digit -- by ownership sector","All establishment sizes",1,1,1,2,40731,0,0,2350,"",7.59,0.04,0.04,0.08,0.04,0.00,0.00,0.85,"",0,0.0,-1,-50.0,-1,-50.0,0,0.0,-17360,-29.9,0,0.0,0,0.0,116,5.2
"29510","1","927110","78","0","2019","2","","St. Louis City, Missouri","Federal Government","NAICS 927110 Space research and technology","County, NAICS 6-digit -- by ownership sector","All establishment sizes",1,2,2,2,51972,0,0,1999,"",7.49,0.07,0.08,0.08,0.06,0.00,0.00,0.84,"",0,0.0,0,0.0,0,0.0,0,0.0,1932,3.9,0,0.0,0,0.0,74,3.8
"33000","1","927110","58","0","2019","1","","New Hampshire -- Statewide","Federal Government","NAICS 927110 Space research and technology","State, NAICS 6-digit -- by ownership sector","All establishment sizes",1,1,1,1,33633,0,0,2587,"",2.14,0.01,0.01,0.01,0.01,0.00,0.00,1.04,"",0,0.0,0,0.0,0,0.0,0,0.0,-292,-0.9,0,0.0,0,0.0,-23,-0.9
"33000","1","927110","58","0","2019","2","","New Hampshire -- Statewide","Federal Government","NAICS 927110 Space research and technology","State, NAICS 6-digit -- by ownership sector","All establishment sizes",1,1,1,1,29894,0,0,2300,"",2.10,0.01,0.01,0.01,0.01,0.00,0.00,1.02,"",0,0.0,0,0.0,0,0.0,0,0.0,1065,3.7,0,0.0,0,0.0,82,3.7
"33017","1","927110","78","0","2019","1","","Strafford County, New Hampshire","Federal Government","NAICS 927110 Space research and technology","County, NAICS 6-digit -- by ownership sector","All establishment sizes",1,1,1,1,33633,0,0,2587,"",38.84,0.18,0.18,0.18,0.20,0.00,0.00,1.14,"",0,0.0,0,0.0,0,0.0,0,0.0,-292,-0.9,0,0.0,0,0.0,-23,-0.9
"33017","1","927110","78","0","2019","2","","Strafford County, New Hampshire","Federal Government","NAICS 927110 Space research and technology","County, NAICS 6-digit -- by ownership sector","All establishment sizes",1,1,1,1,29894,0,0,2300,"",38.25,0.18,0.18,0.18,0.20,0.00,0.00,1.12,"",0,0.0,0,0.0,0,0.0,0,0.0,1065,3.7,0,0.0,0,0.0,82,3.7
"34000","1","927110","58","0","2019","1","","New Jersey -- Statewide","Federal Government","NAICS 927110 Space research and technology","State, NAICS 6-digit -- by ownership sector","All establishment sizes",1,3,3,3,120068,0,0,3079,"",0.41,0.01,0.01,0.01,0.01,0.00,0.00,1.02,"",0,0.0,1,50.0,1,50.0,1,50.0,38035,46.4,0,0.0,0,0.0,-76,-2.4
"34000","1","927110","58","0","2019","2","","New Jersey -- Statewide","Federal Government","NAICS 927110 Space research and technology","State, NAICS 6-digit -- by ownership sector","All establishment sizes",1,3,3,3,109001,0,0,2795,"",0.41,0.01,0.01,0.01,0.01,0.00,0.00,1.10,"",0,0.0,1,50.0,0,0.0,0,0.0,5451,5.3,0,0.0,0,0.0,-192,-6.4
"34021","1","927110","78","0","2019","1","","Mercer County, New Jersey","Federal Government","NAICS 927110 Space research and technology","County, NAICS 6-digit -- by ownership sector","All establishment sizes",1,3,3,3,120068,0,0,3079,"",10.10,0.10,0.10,0.10,0.09,0.00,0.00,0.87,"",0,0.0,1,50.0,1,50.0,1,50.0,38035,46.4,0,0.0,0,0.0,-76,-2.4
"34021","1","927110","78","0","2019","2","","Mercer County, New Jersey","Federal Government","NAICS 927110 Space research and technology","County, NAICS 6-digit -- by ownership sector","All establishment sizes",1,3,3,3,109001,0,0,2795,"",9.99,0.10,0.10,0.10,0.10,0.00,0.00,1.01,"",0,0.0,1,50.0,0,0.0,0,0.0,5451,5.3,0,0.0,0,0.0,-192,-6.4
"35000","1","927110","58","0","2019","1","","New Mexico -- Statewide","Federal Government","NAICS 927110 Space research and technology","State, NAICS 6-digit -- by ownership sector","All establishment sizes",3,79,79,80,2369821,0,0,2298,"",5.49,0.82,0.82,0.83,0.99,0.00,0.00,1.20,"",0,0.0,-3,-3.7,-3,-3.7,1,1.3,36483,1.6,0,0.0,0,0.0,82,3.7
"35000","1","927110","58","0","2019","2","","New Mexico -- Statewide","Federal Government","NAICS 927110 Space research and technology","State, NAICS 6-digit -- by ownership sector","All establishment sizes",3,79,79,79,2072444,0,0,2018,"",5.48,0.82,0.82,0.82,0.90,0.00,0.00,1.10,"",0,0.0,0,0.0,0,0.0,0,0.0,82316,4.1,0,0.0,0,0.0,80,4.1
"35000","2","927110","58","0","2019","1","N","New Mexico -- Statewide","State Government","NAICS 927110 Space research and technology","State, NAICS 6-digit -- by ownership sector","All establishment sizes",1,0,0,0,0,0,0,0,"N",54.86,0,0,0,0,0,0,0,"N",0,0.0,0,0,0,0,0,0,0,0,0,0,0,0,0,0
"35000","2","927110","58","0","2019","2","N","New Mexico -- Statewide","State Government","NAICS 927110 Space research and technology","State, NAICS 6-digit -- by ownership sector","All establishment sizes",1,0,0,0,0,0,0,0,"N",55.36,0,0,0,0,0,0,0,"N",0,0.0,0,0,0,0,0,0,0,0,0,0,0,0,0,0
"35013","1","927110","78","0","2019","1","","Dona Ana County, New Mexico","Federal Government","NAICS 927110 Space research and technology","County, NAICS 6-digit -- by ownership sector","All establishment sizes",2,75,75,76,2231719,0,0,2279,"",45.46,8.82,8.86,8.97,12.73,0.00,0.00,1.43,"",0,0.0,-4,-5.1,-4,-5.1,0,0.0,25659,1.2,0,0.0,0,0.0,103,4.7
"35013","1","927110","78","0","2019","2","","Dona Ana County, New Mexico","Federal Government","NAICS 927110 Space research and technology","County, NAICS 6-digit -- by ownership sector","All establishment sizes",2,75,75,75,1943924,0,0,1994,"",45.31,8.89,8.80,8.85,11.17,0.00,0.00,1.26,"",0,0.0,-1,-1.3,-1,-1.3,0,0.0,87776,4.7,0,0.0,0,0.0,107,5.7
"35051","2","927110","78","0","2019","1","N","Sierra County, New Mexico","State Government","NAICS 927110 Space research and technology","County, NAICS 6-digit -- by ownership sector","All establishment sizes",1,0,0,0,0,0,0,0,"N",9562.03,0,0,0,0,0,0,0,"N",0,0.0,0,0,0,0,0,0,0,0,0,0,0,0,0,0
"35051","2","927110","78","0","2019","2","N","Sierra County, New Mexico","State Government","NAICS 927110 Space research and technology","County, NAICS 6-digit -- by ownership sector","All establishment sizes",1,0,0,0,0,0,0,0,"N",9545.66,0,0,0,0,0,0,0,"N",0,0.0,0,0,0,0,0,0,0,0,0,0,0,0,0,0
"35999","1","927110","78","0","2019","1","","Unknown Or Undefined, New Mexico","Federal Government","NAICS 927110 Space research and technology","County, NAICS 6-digit -- by ownership sector","All establishment sizes",1,4,4,4,138102,0,0,2656,"",20.86,1.68,1.61,1.58,1.61,0.00,0.00,1.00,"",0,0.0,1,33.3,1,33.3,1,33.3,10824,8.5,0,0.0,0,0.0,-608,-18.6
"35999","1","927110","78","0","2019","2","","Unknown Or Undefined, New Mexico","Federal Government","NAICS 927110 Space research and technology","County, NAICS 6-digit -- by ownership sector","All establishment sizes",1,4,4,4,128520,0,0,2472,"",21.24,1.64,1.61,1.61,1.60,0.00,0.00,0.99,"",0,0.0,1,33.3,1,33.3,0,0.0,-5460,-4.1,0,0.0,0,0.0,-620,-20.1
"36000","1","927110","58","0","2019","1","","New York -- Statewide","Federal Government","NAICS 927110 Space research and technology","State, NAICS 6-digit -- by ownership sector","All establishment sizes",1,34,34,34,1196842,0,0,2708,"",0.18,0.03,0.03,0.03,0.02,0.00,0.00,0.77,"",0,0.0,1,3.0,0,0.0,-1,-2.9,-30504,-2.5,0,0.0,0,0.0,-69,-2.5
"36000","1","927110","58","0","2019","2","","New York -- Statewide","Federal Government","NAICS 927110 Space research and technology","State, NAICS 6-digit -- by ownership sector","All establishment sizes",1,34,34,34,1072338,0,0,2426,"",0.17,0.03,0.03,0.03,0.03,0.00,0.00,0.87,"",0,0.0,-1,-2.9,-1,-2.9,-1,-2.9,-19517,-1.8,0,0.0,0,0.0,26,1.1
"36061","1","927110","78","0","2019","1","","New York County, New York","Federal Government","NAICS 927110 Space research and technology","County, NAICS 6-digit -- by ownership sector","All establishment sizes",1,34,34,34,1196842,0,0,2708,"",0.90,0.12,0.12,0.12,0.05,0.00,0.00,0.40,"",0,0.0,1,3.0,0,0.0,-1,-2.9,-30504,-2.5,0,0.0,0,0.0,-69,-2.5
"36061","1","927110","78","0","2019","2","","New York County, New York","Federal Government","NAICS 927110 Space research and technology","County, NAICS 6-digit -- by ownership sector","All establishment sizes",1,34,34,34,1072338,0,0,2426,"",0.89,0.12,0.12,0.12,0.07,0.00,0.00,0.56,"",0,0.0,-1,-2.9,-1,-2.9,-1,-2.9,-19517,-1.8,0,0.0,0,0.0,26,1.1
"37000","1","927110","58","0","2019","1","","North Carolina -- Statewide","Federal Government","NAICS 927110 Space research and technology","State, NAICS 6-digit -- by ownership sector","All establishment sizes",1,6,6,6,191143,0,0,2451,"",0.40,0.01,0.01,0.01,0.01,0.00,0.00,1.08,"",0,0.0,1,20.0,1,20.0,1,20.0,30367,18.9,0,0.0,0,0.0,-22,-0.9
"37000","1","927110","58","0","2019","2","","North Carolina -- Statewide","Federal Government","NAICS 927110 Space research and technology","State, NAICS 6-digit -- by ownership sector","All establishment sizes",1,6,5,5,149088,0,0,2150,"",0.40,0.01,0.01,0.01,0.01,0.00,0.00,1.08,"",0,0.0,1,20.0,0,0.0,0,0.0,10544,7.6,0,0.0,0,0.0,19,0.9
"37999","1","927110","78","0","2019","1","","Unknown Or Undefined, North Carolina","Federal Government","NAICS 927110 Space research and technology","County, NAICS 6-digit -- by ownership sector","All establishment sizes",1,6,6,6,191143,0,0,2451,"",5.48,0.40,0.39,0.39,0.24,0.00,0.00,0.60,"",0,0.0,1,20.0,1,20.0,1,20.0,30367,18.9,0,0.0,0,0.0,-22,-0.9
"37999","1","927110","78","0","2019","2","","Unknown Or Undefined, North Carolina","Federal Government","NAICS 927110 Space research and technology","County, NAICS 6-digit -- by ownership sector","All establishment sizes",1,6,5,5,149088,0,0,2150,"",5.28,0.40,0.33,0.32,0.22,0.00,0.00,0.63,"",0,0.0,1,20.0,0,0.0,0,0.0,10544,7.6,0,0.0,0,0.0,19,0.9
"39000","1","927110","58","0","2019","1","","Ohio -- Statewide","Federal Government","NAICS 927110 Space research and technology","State, NAICS 6-digit -- by ownership sector","All establishment sizes",6,1543,1543,1557,46982151,0,0,2335,"",2.26,2.47,2.48,2.48,2.60,0.00,0.00,1.05,"",-1,-14.3,0,0.0,-4,-0.3,-13,-0.8,-319075,-0.7,0,0.0,0,0.0,-7,-0.3
"39000","1","927110","58","0","2019","2","","Ohio -- Statewide","Federal Government","NAICS 927110 Space research and technology","State, NAICS 6-digit -- by ownership sector","All establishment sizes",6,1554,1560,1584,41491814,0,0,2038,"",2.25,2.48,2.48,2.49,2.54,0.00,0.00,1.02,"",0,0.0,13,0.8,18,1.2,7,0.4,788786,1.9,0,0.0,0,0.0,22,1.1
"39035","1","927110","78","0","2019","1","","Cuyahoga County, Ohio","Federal Government","NAICS 927110 Space research and technology","County, NAICS 6-digit -- by ownership sector","All establishment sizes",4,1520,1520,1535,46322820,0,0,2337,"",12.48,17.99,18.02,18.16,16.70,0.00,0.00,0.93,"",-1,-20.0,3,0.2,0,0.0,-8,-0.5,-185375,-0.4,0,0.0,0,0.0,-6,-0.3
"39035","1","927110","78","0","2019","2","","Cuyahoga County, Ohio","Federal Government","NAICS 927110 Space research and technology","County, NAICS 6-digit -- by ownership sector","All establishment sizes",4,1532,1537,1559,40853052,0,0,2037,"",12.45,18.20,18.19,18.18,16.60,0.00,0.00,0.91,"",0,0.0,17,1.1,22,1.5,11,0.7,851438,2.1,0,0.0,0,0.0,21,1.0
"39043","1","927110","78","0","2019","1","","Erie County, Ohio","Federal Government","NAICS 927110 Space research and technology","County, NAICS 6-digit -- by ownership sector","All establishment sizes",1,18,18,17,514878,0,0,2242,"",56.81,4.51,4.56,4.23,6.00,0.00,0.00,1.36,"",0,0.0,-4,-18.2,-5,-21.7,-6,-26.1,-181699,-26.1,0,0.0,0,0.0,-122,-5.2
"39043","1","927110","78","0","2019","2","","Erie County, Ohio","Federal Government","NAICS 927110 Space research and technology","County, NAICS 6-digit -- by ownership sector","All establishment sizes",1,17,18,19,471047,0,0,2013,"",56.96,4.15,4.12,4.12,5.53,0.00,0.00,1.34,"",0,0.0,-5,-22.7,-5,-21.7,-6,-24.0,-146550,-23.7,0,0.0,0,0.0,-23,-1.1
"39999","1","927110","78","0","2019","1","","Unknown Or Undefined, Ohio","Federal Government","NAICS 927110 Space research and technology","County, NAICS 6-digit -- by ownership sector","All establishment sizes",1,5,5,5,144453,0,0,2222,"",6.17,0.36,0.36,0.35,0.21,0.00,0.00,0.60,"",0,0.0,1,25.0,1,25.0,1,25.0,47999,49.8,0,0.0,0,0.0,367,19.8
"39999","1","927110","78","0","2019","2","","Unknown Or Undefined, Ohio","Federal Government","NAICS 927110 Space research and technology","County, NAICS 6-digit -- by ownership sector","All establishment sizes",1,5,5,6,167715,0,0,2419,"",6.16,0.35,0.35,0.42,0.28,0.00,0.00,0.76,"",0,0.0,1,25.0,1,25.0,2,50.0,83898,100.1,0,0.0,0,0.0,807,50.1
"40000","2","927110","58","0","2019","1","N","Oklahoma -- Statewide","State Government","NAICS 927110 Space research and technology","State, NAICS 6-digit -- by ownership sector","All establishment sizes",1,0,0,0,0,0,0,0,"N",30.61,0,0,0,0,0,0,0,"N",0,0.0,0,0,0,0,0,0,0,0,0,0,0,0,0,0
"40000","2","927110","58","0","2019","2","N","Oklahoma -- Statewide","State Government","NAICS 927110 Space research and technology","State, NAICS 6-digit -- by ownership sector","All establishment sizes",1,0,0,0,0,0,0,0,"N",30.73,0,0,0,0,0,0,0,"N",0,0.0,0,0,0,0,0,0,0,0,0,0,0,0,0,0
"40109","2","927110","78","0","2019","1","N","Oklahoma County, Oklahoma","State Government","NAICS 927110 Space research and technology","County, NAICS 6-digit -- by ownership sector","All establishment sizes",1,0,0,0,0,0,0,0,"N",120.20,0,0,0,0,0,0,0,"N",0,0.0,0,0,0,0,0,0,0,0,0,0,0,0,0,0
"40109","2","927110","78","0","2019","2","N","Oklahoma County, Oklahoma","State Government","NAICS 927110 Space research and technology","County, NAICS 6-digit -- by ownership sector","All establishment sizes",1,0,0,0,0,0,0,0,"N",120.70,0,0,0,0,0,0,0,"N",0,0.0,0,0,0,0,0,0,0,0,0,0,0,0,0,0
"41000","1","927110","58","0","2019","1","","Oregon -- Statewide","Federal Government","NAICS 927110 Space research and technology","State, NAICS 6-digit -- by ownership sector","All establishment sizes",1,3,3,3,111211,0,0,2852,"",0.71,0.01,0.01,0.01,0.02,0.00,0.00,1.25,"",0,0.0,2,200.0,2,200.0,2,200.0,73215,192.7,0,0.0,0,0.0,-71,-2.4
"41000","1","927110","58","0","2019","2","","Oregon -- Statewide","Federal Government","NAICS 927110 Space research and technology","State, NAICS 6-digit -- by ownership sector","All establishment sizes",1,4,4,4,118107,0,0,2271,"",0.70,0.02,0.02,0.02,0.02,0.00,0.00,1.06,"",0,0.0,3,300.0,3,300.0,3,300.0,85366,260.7,0,0.0,0,0.0,-248,-9.8
"41999","1","927110","78","0","2019","1","","Unknown Or Undefined, Oregon","Federal Government","NAICS 927110 Space research and technology","County, NAICS 6-digit -- by ownership sector","All establishment sizes",1,3,3,3,111211,0,0,2852,"",20.26,1.04,1.04,1.03,0.84,0.00,0.00,0.81,"",0,0.0,2,200.0,2,200.0,2,200.0,73215,192.7,0,0.0,0,0.0,-71,-2.4
"41999","1","927110","78","0","2019","2","","Unknown Or Undefined, Oregon","Federal Government","NAICS 927110 Space research and technology","County, NAICS 6-digit -- by ownership sector","All establishment sizes",1,4,4,4,118107,0,0,2271,"",19.96,1.37,1.35,1.34,1.00,0.00,0.00,0.74,"",0,0.0,3,300.0,3,300.0,3,300.0,85366,260.7,0,0.0,0,0.0,-248,-9.8
"45000","1","927110","58","0","2019","1","","South Carolina -- Statewide","Federal Government","NAICS 927110 Space research and technology","State, NAICS 6-digit -- by ownership sector","All establishment sizes",1,2,2,2,89129,0,0,3428,"",0.82,0.01,0.01,0.01,0.01,0.00,0.00,1.77,"",0,0.0,1,100.0,1,100.0,1,100.0,47021,111.7,0,0.0,0,0.0,189,5.8
"45000","1","927110","58","0","2019","2","","South Carolina -- Statewide","Federal Government","NAICS 927110 Space research and technology","State, NAICS 6-digit -- by ownership sector","All establishment sizes",1,2,2,2,78400,0,0,3015,"",0.81,0.01,0.01,0.01,0.01,0.00,0.00,1.69,"",0,0.0,1,100.0,1,100.0,1,100.0,42136,116.2,0,0.0,0,0.0,225,8.1
"45999","1","927110","78","0","2019","1","","Unknown Or Undefined, South Carolina","Federal Government","NAICS 927110 Space research and technology","County, NAICS 6-digit -- by ownership sector","All establishment sizes",1,2,2,2,89129,0,0,3428,"",6.33,0.27,0.27,0.26,0.29,0.00,0.00,1.08,"",0,0.0,1,100.0,1,100.0,1,100.0,47021,111.7,0,0.0,0,0.0,189,5.8
"45999","1","927110","78","0","2019","2","","Unknown Or Undefined, South Carolina","Federal Government","NAICS 927110 Space research and technology","County, NAICS 6-digit -- by ownership sector","All establishment sizes",1,2,2,2,78400,0,0,3015,"",6.30,0.27,0.26,0.27,0.29,0.00,0.00,1.08,"",0,0.0,1,100.0,1,100.0,1,100.0,42136,116.2,0,0.0,0,0.0,225,8.1
"47000","1","927110","58","0","2019","1","","Tennessee -- Statewide","Federal Government","NAICS 927110 Space research and technology","State, NAICS 6-digit -- by ownership sector","All establishment sizes",1,3,3,3,87689,0,0,2248,"",0.68,0.01,0.01,0.01,0.01,0.00,0.00,1.05,"",0,0.0,1,50.0,0,0.0,0,0.0,-12419,-12.4,0,0.0,0,0.0,-640,-22.2
"47000","1","927110","58","0","2019","2","","Tennessee -- Statewide","Federal Government","NAICS 927110 Space research and technology","State, NAICS 6-digit -- by ownership sector","All establishment sizes",1,3,3,3,77455,0,0,1986,"",0.68,0.01,0.01,0.01,0.01,0.00,0.00,1.00,"",0,0.0,1,50.0,1,50.0,1,50.0,11292,17.1,0,0.0,0,0.0,-559,-22.0
"47999","1","927110","78","0","2019","1","","Unknown Or Undefined, Tennessee","Federal Government","NAICS 927110 Space research and technology","County, NAICS 6-digit -- by ownership sector","All establishment sizes",1,3,3,3,87689,0,0,2248,"",10.53,0.48,0.47,0.47,0.31,0.00,0.00,0.65,"",0,0.0,1,50.0,0,0.0,0,0.0,-12419,-12.4,0,0.0,0,0.0,-640,-22.2
"47999","1","927110","78","0","2019","2","","Unknown Or Undefined, Tennessee","Federal Government","NAICS 927110 Space research and technology","County, NAICS 6-digit -- by ownership sector","All establishment sizes",1,3,3,3,77455,0,0,1986,"",10.44,0.47,0.46,0.46,0.30,0.00,0.00,0.66,"",0,0.0,1,50.0,1,50.0,1,50.0,11292,17.1,0,0.0,0,0.0,-559,-22.0
"48000","1","927110","58","0","2019","1","","Texas -- Statewide","Federal Government","NAICS 927110 Space research and technology","State, NAICS 6-digit -- by ownership sector","All establishment sizes",8,2902,2902,2913,100970178,0,0,2673,"",1.27,2.01,2.00,2.00,2.06,0.00,0.00,1.03,"",0,0.0,15,0.5,11,0.4,-6,-0.2,601111,0.6,0,0.0,0,0.0,10,0.4
"48000","1","927110","58","0","2019","2","","Texas -- Statewide","Federal Government","NAICS 927110 Space research and technology","State, NAICS 6-digit -- by ownership sector","All establishment sizes",8,2901,2908,2945,89785666,0,0,2367,"",1.27,2.01,2.01,2.02,2.10,0.00,0.00,1.04,"",0,0.0,11,0.4,25,0.9,1,0.0,3016438,3.5,0,0.0,0,0.0,70,3.0
"48029","1","927110","78","0","2019","1","","Bexar County, Texas","Federal Government","NAICS 927110 Space research and technology","County, NAICS 6-digit -- by ownership sector","All establishment sizes",1,6,6,6,277521,0,0,3558,"",2.62,0.06,0.06,0.06,0.10,0.00,0.00,1.61,"",0,0.0,0,0.0,0,0.0,0,0.0,14100,5.4,0,0.0,0,0.0,181,5.4
"48029","1","927110","78","0","2019","2","","Bexar County, Texas","Federal Government","NAICS 927110 Space research and technology","County, NAICS 6-digit -- by ownership sector","All establishment sizes",1,6,6,6,251112,0,0,3219,"",2.62,0.06,0.06,0.06,0.09,0.00,0.00,1.58,"",0,0.0,0,0.0,0,0.0,0,0.0,13233,5.6,0,0.0,0,0.0,169,5.5
"48141","1","927110","78","0","2019","1","","El Paso County, Texas","Federal Government","NAICS 927110 Space research and technology","County, NAICS 6-digit -- by ownership sector","All establishment sizes",1,1,1,1,33226,0,0,2556,"",7.22,0.03,0.03,0.03,0.04,0.00,0.00,1.56,"",0,0.0,0,0.0,0,0.0,0,0.0,1100,3.4,0,0.0,0,0.0,85,3.4
"48141","1","927110","78","0","2019","2","","El Paso County, Texas","Federal Government","NAICS 927110 Space research and technology","County, NAICS 6-digit -- by ownership sector","All establishment sizes",1,1,1,1,29356,0,0,2258,"",7.24,0.03,0.03,0.03,0.04,0.00,0.00,1.45,"",0,0.0,0,0.0,0,0.0,0,0.0,1426,5.1,0,0.0,0,0.0,110,5.1
"48201","1","927110","78","0","2019","1","","Harris County, Texas","Federal Government","NAICS 927110 Space research and technology","County, NAICS 6-digit -- by ownership sector","All establishment sizes",3,2889,2889,2900,100434451,0,0,2671,"",2.87,10.66,10.61,10.62,8.50,0.00,0.00,0.80,"",0,0.0,17,0.6,13,0.5,-4,-0.1,672764,0.7,0,0.0,0,0.0,10,0.4
"48201","1","927110","78","0","2019","2","","Harris County, Texas","Federal Government","NAICS 927110 Space research and technology","County, NAICS 6-digit -- by ownership sector","All establishment sizes",3,2888,2892,2928,89211394,0,0,2364,"",2.88,10.70,10.72,10.74,9.41,0.00,0.00,0.88,"",0,0.0,12,0.4,23,0.8,0,0.0,3004478,3.5,0,0.0,0,0.0,70,3.1
"48259","1","927110","78","0","2019","1","","Kendall County, Texas","Federal Government","NAICS 927110 Space research and technology","County, NAICS 6-digit -- by ownership sector","All establishment sizes",1,1,1,1,30436,0,0,2341,"",71.28,0.50,0.50,0.50,0.57,0.00,0.00,1.14,"",0,0.0,0,0.0,0,0.0,0,0.0,144,0.5,0,0.0,0,0.0,11,0.5
"48259","1","927110","78","0","2019","2","","Kendall County, Texas","Federal Government","NAICS 927110 Space research and technology","County, NAICS 6-digit -- by ownership sector","All establishment sizes",1,1,1,1,27047,0,0,2081,"",71.44,0.50,0.50,0.49,0.53,0.00,0.00,1.07,"",0,0.0,0,0.0,0,0.0,0,0.0,959,3.7,0,0.0,0,0.0,74,3.7
"48439","1","927110","78","0","2019","1","","Tarrant County, Texas","Federal Government","NAICS 927110 Space research and technology","County, NAICS 6-digit -- by ownership sector","All establishment sizes",1,3,3,3,113953,0,0,2922,"",2.49,0.03,0.03,0.03,0.03,0.00,0.00,1.18,"",0,0.0,0,0.0,0,0.0,0,0.0,654,0.6,0,0.0,0,0.0,17,0.6
"48439","1","927110","78","0","2019","2","","Tarrant County, Texas","Federal Government","NAICS 927110 Space research and technology","County, NAICS 6-digit -- by ownership sector","All establishment sizes",1,3,3,3,101864,0,0,2612,"",2.49,0.03,0.03,0.03,0.03,0.00,0.00,1.18,"",0,0.0,0,0.0,0,0.0,0,0.0,4189,4.3,0,0.0,0,0.0,108,4.3
"48999","1","927110","78","0","2019","1","","Unknown Or Undefined, Texas","Federal Government","NAICS 927110 Space research and technology","County, NAICS 6-digit -- by ownership sector","All establishment sizes",1,2,2,2,80591,0,0,3100,"",3.07,0.06,0.06,0.06,0.04,0.00,0.00,0.77,"",0,0.0,-2,-50.0,-2,-50.0,-2,-50.0,-87651,-52.1,0,0.0,0,0.0,-135,-4.2
"48999","1","927110","78","0","2019","2","","Unknown Or Undefined, Texas","Federal Government","NAICS 927110 Space research and technology","County, NAICS 6-digit -- by ownership sector","All establishment sizes",1,2,5,6,164893,0,0,2927,"",3.06,0.06,0.14,0.17,0.10,0.00,0.00,0.85,"",0,0.0,-1,-33.3,2,66.7,1,20.0,-7847,-4.5,0,0.0,0,0.0,-697,-19.2
"49000","1","927110","58","0","2019","1","","Utah -- Statewide","Federal Government","NAICS 927110 Space research and technology","State, NAICS 6-digit -- by ownership sector","All establishment sizes",1,5,5,5,171200,0,0,2634,"",1.07,0.03,0.03,0.03,0.04,0.00,0.00,1.25,"",0,0.0,0,0.0,0,0.0,0,0.0,625,0.4,0,0.0,0,0.0,10,0.4
"49000","1","927110","58","0","2019","2","","Utah -- Statewide","Federal Government","NAICS 927110 Space research and technology","State, NAICS 6-digit -- by ownership sector","All establishment sizes",1,5,5,6,181847,0,0,2623,"",1.05,0.03,0.03,0.03,0.04,0.00,0.00,1.36,"",0,0.0,0,0.0,0,0.0,1,20.0,36541,25.1,0,0.0,0,0.0,388,17.4
"49003","1","927110","78","0","2019","1","","Box Elder County, Utah","Federal Government","NAICS 927110 Space research and technology","County, NAICS 6-digit -- by ownership sector","All establishment sizes",1,5,5,5,171200,0,0,2634,"",79.07,1.99,2.01,2.00,3.18,0.00,0.00,1.59,"",0,0.0,0,0.0,0,0.0,0,0.0,625,0.4,0,0.0,0,0.0,10,0.4
"49003","1","927110","78","0","2019","2","","Box Elder County, Utah","Federal Government","NAICS 927110 Space research and technology","County, NAICS 6-digit -- by ownership sector","All establishment sizes",1,5,5,6,181847,0,0,2623,"",78.24,2.00,1.99,2.42,3.53,0.00,0.00,1.65,"",0,0.0,0,0.0,0,0.0,1,20.0,36541,25.1,0,0.0,0,0.0,388,17.4
"51000","1","927110","58","0","2019","1","","Virginia -- Statewide","Federal Government","NAICS 927110 Space research and technology","State, NAICS 6-digit -- by ownership sector","All establishment sizes",5,2020,2020,2020,62253748,0,0,2371,"",2.02,4.46,4.46,4.43,4.13,0.00,0.00,0.93,"",0,0.0,-13,-0.6,-14,-0.7,-21,-1.0,-242621,-0.4,0,0.0,0,0.0,10,0.4
"51000","1","927110","58","0","2019","2","","Virginia -- Statewide","Federal Government","NAICS 927110 Space research and technology","State, NAICS 6-digit -- by ownership sector","All establishment sizes",5,2004,2015,2031,55009412,0,0,2098,"",2.00,4.41,4.44,4.39,4.03,0.00,0.00,0.91,"",0,0.0,-30,-1.5,-22,-1.1,-29,-1.4,1185951,2.2,0,0.0,0,0.0,72,3.6
"51001","1","927110","78","0","2019","1","","Accomack County, Virginia","Federal Government","NAICS 927110 Space research and technology","County, NAICS 6-digit -- by ownership sector","All establishment sizes",1,284,284,284,8181864,0,0,2216,"",99.06,189.66,188.95,186.58,258.77,0.00,0.00,1.37,"",0,0.0,-1,-0.4,-2,-0.7,-3,-1.0,-68407,-0.8,0,0.0,0,0.0,-3,-0.1
"51001","1","927110","78","0","2019","2","","Accomack County, Virginia","Federal Government","NAICS 927110 Space research and technology","County, NAICS 6-digit -- by ownership sector","All establishment sizes",1,280,281,284,7245972,0,0,1979,"",98.22,182.92,182.70,177.47,236.19,0.00,0.00,1.31,"",0,0.0,-4,-1.4,-2,-0.7,-2,-0.7,176123,2.5,0,0.0,0,0.0,66,3.5
"51191","1","927110","78","0","2019","1","","Washington County, Virginia","Federal Government","NAICS 927110 Space research and technology","County, NAICS 6-digit -- by ownership sector","All establishment sizes",1,1,1,1,35968,0,0,2767,"",73.89,0.43,0.43,0.43,0.80,0.00,0.00,1.86,"",0,0.0,0,0.0,0,0.0,0,0.0,169,0.5,0,0.0,0,0.0,13,0.5
"51191","1","927110","78","0","2019","2","","Washington County, Virginia","Federal Government","NAICS 927110 Space research and technology","County, NAICS 6-digit -- by ownership sector","All establishment sizes",1,1,1,1,31772,0,0,2444,"",73.44,0.43,0.42,0.43,0.71,0.00,0.00,1.67,"",0,0.0,0,0.0,0,0.0,0,0.0,942,3.1,0,0.0,0,0.0,72,3.0
"51650","1","927110","78","0","2019","1","","Hampton City, Virginia","Federal Government","NAICS 927110 Space research and technology","County, NAICS 6-digit -- by ownership sector","All establishment sizes",2,1732,1732,1732,53945957,0,0,2396,"",78.79,277.66,276.80,276.05,332.71,0.00,0.00,1.20,"",0,0.0,-13,-0.7,-13,-0.7,-19,-1.1,-199542,-0.4,0,0.0,0,0.0,12,0.5
"51650","1","927110","78","0","2019","2","","Hampton City, Virginia","Federal Government","NAICS 927110 Space research and technology","County, NAICS 6-digit -- by ownership sector","All establishment sizes",2,1721,1731,1744,47673387,0,0,2117,"",78.34,278.19,279.36,277.62,305.22,0.00,0.00,1.10,"",0,0.0,-26,-1.5,-20,-1.1,-27,-1.5,1007082,2.2,0,0.0,0,0.0,73,3.6
"51999","1","927110","78","0","2019","1","","Unknown Or Undefined, Virginia","Federal Government","NAICS 927110 Space research and technology","County, NAICS 6-digit -- by ownership sector","All establishment sizes",1,3,3,3,89959,0,0,2307,"",3.75,0.20,0.20,0.19,0.12,0.00,0.00,0.60,"",0,0.0,1,50.0,1,50.0,1,50.0,25159,38.8,0,0.0,0,0.0,-185,-7.4
"51999","1","927110","78","0","2019","2","","Unknown Or Undefined, Virginia","Federal Government","NAICS 927110 Space research and technology","County, NAICS 6-digit -- by ownership sector","All establishment sizes",1,2,2,2,58281,0,0,2242,"",3.60,0.13,0.13,0.12,0.09,0.00,0.00,0.67,"",0,0.0,0,0.0,0,0.0,0,0.0,1804,3.2,0,0.0,0,0.0,70,3.2
"53000","1","927110","58","0","2019","1","","Washington -- Statewide","Federal Government","NAICS 927110 Space research and technology","State, NAICS 6-digit -- by ownership sector","All establishment sizes",1,2,2,2,59130,0,0,2274,"",0.45,0.01,0.01,0.01,0.00,0.00,0.00,0.77,"",0,0.0,-1,-33.3,-1,-33.3,-1,-33.3,-36753,-38.3,0,0.0,0,0.0,-185,-7.5
"53000","1","927110","58","0","2019","2","","Washington -- Statewide","Federal Government","NAICS 927110 Space research and technology","State, NAICS 6-digit -- by ownership sector","All establishment sizes",1,2,3,3,112231,0,0,3237,"",0.45,0.01,0.01,0.01,0.01,0.00,0.00,1.22,"",0,0.0,-1,-33.3,0,0.0,0,0.0,28401,33.9,0,0.0,0,0.0,1088,50.6
"53999","1","927110","78","0","2019","1","","Unknown Or Undefined, Washington","Federal Government","NAICS 927110 Space research and technology","County, NAICS 6-digit -- by ownership sector","All establishment sizes",1,2,2,2,59130,0,0,2274,"",48.93,0.99,0.99,0.96,0.50,0.00,0.00,0.51,"",0,0.0,-1,-33.3,-1,-33.3,-1,-33.3,-36753,-38.3,0,0.0,0,0.0,-185,-7.5
"53999","1","927110","78","0","2019","2","","Unknown Or Undefined, Washington","Federal Government","NAICS 927110 Space research and technology","County, NAICS 6-digit -- by ownership sector","All establishment sizes",1,2,3,3,112231,0,0,3237,"",45.87,0.96,1.40,1.39,1.12,0.00,0.00,0.89,"",0,0.0,-1,-33.3,0,0.0,0,0.0,28401,33.9,0,0.0,0,0.0,1088,50.6
"54000","1","927110","58","0","2019","1","","West Virginia -- Statewide","Federal Government","NAICS 927110 Space research and technology","State, NAICS 6-digit -- by ownership sector","All establishment sizes",1,48,48,47,1415095,0,0,2284,"",2.19,0.60,0.60,0.59,0.70,0.00,0.00,1.18,"",0,0.0,1,2.1,1,2.1,0,0.0,58363,4.3,0,0.0,0,0.0,63,2.8
"54000","1","927110","58","0","2019","2","","West Virginia -- Statewide","Federal Government","NAICS 927110 Space research and technology","State, NAICS 6-digit -- by ownership sector","All establishment sizes",1,46,45,45,1217788,0,0,2066,"",2.19,0.57,0.56,0.55,0.63,0.00,0.00,1.13,"",0,0.0,-1,-2.1,-3,-6.2,-1,-2.2,77884,6.8,0,0.0,0,0.0,200,10.7
"54049","1","927110","78","0","2019","1","","Marion County, West Virginia","Federal Government","NAICS 927110 Space research and technology","County, NAICS 6-digit -- by ownership sector","All establishment sizes",1,48,48,47,1415095,0,0,2284,"",82.54,22.87,22.96,22.50,27.83,0.00,0.00,1.22,"",0,0.0,1,2.1,1,2.1,0,0.0,58363,4.3,0,0.0,0,0.0,63,2.8
"54049","1","927110","78","0","2019","2","","Marion County, West Virginia","Federal Government","NAICS 927110 Space research and technology","County, NAICS 6-digit -- by ownership sector","All establishment sizes",1,46,45,45,1217788,0,0,2066,"",82.05,21.94,21.73,21.94,25.96,0.00,0.00,1.19,"",0,0.0,-1,-2.1,-3,-6.2,-1,-2.2,77884,6.8,0,0.0,0,0.0,200,10.7
"55000","1","927110","58","0","2019","1","","Wisconsin -- Statewide","Federal Government","NAICS 927110 Space research and technology","State, NAICS 6-digit -- by ownership sector","All establishment sizes",1,1,1,1,26007,0,0,2001,"",0.63,0.00,0.00,0.00,0.00,0.00,0.00,0.94,"",0,0.0,0,0.0,0,0.0,0,0.0,944,3.8,0,0.0,0,0.0,73,3.8
"55000","1","927110","58","0","2019","2","","Wisconsin -- Statewide","Federal Government","NAICS 927110 Space research and technology","State, NAICS 6-digit -- by ownership sector","All establishment sizes",1,1,1,1,23513,0,0,1809,"",0.62,0.00,0.00,0.00,0.00,0.00,0.00,0.93,"",0,0.0,0,0.0,0,0.0,0,0.0,1918,8.9,0,0.0,0,0.0,148,8.9
"55025","1","927110","78","0","2019","1","","Dane County, Wisconsin","Federal Government","NAICS 927110 Space research and technology","County, NAICS 6-digit -- by ownership sector","All establishment sizes",1,1,1,1,26007,0,0,2001,"",6.93,0.03,0.03,0.03,0.02,0.00,0.00,0.77,"",0,0.0,0,0.0,0,0.0,0,0.0,944,3.8,0,0.0,0,0.0,73,3.8
"55025","1","927110","78","0","2019","2","","Dane County, Wisconsin","Federal Government","NAICS 927110 Space research and technology","County, NAICS 6-digit -- by ownership sector","All establishment sizes",1,1,1,1,23513,0,0,1809,"",6.82,0.03,0.03,0.02,0.02,0.00,0.00,0.79,"",0,0.0,0,0.0,0,0.0,0,0.0,1918,8.9,0,0.0,0,0.0,148,8.9
"US000","1","927110","18","0","2019","1","","U.S. TOTAL","Federal Government","NAICS 927110 Space research and technology","National, NAICS 6-digit -- by ownership sector","All establishment sizes",90,17030,17030,17127,565642015,0,0,2550,"",1.00,1.00,1.00,1.00,1.00,0.00,0.00,1.00,"",-6,-6.2,132,0.8,49,0.3,30,0.2,3178859,0.6,0,0.0,0,0.0,4,0.2
"US000","1","927110","18","0","2019","2","","U.S. TOTAL","Federal Government","NAICS 927110 Space research and technology","National, NAICS 6-digit -- by ownership sector","All establishment sizes",91,17048,17084,17304,503154289,0,0,2257,"",1.00,1.00,1.00,1.00,1.00,0.00,0.00,1.00,"",-1,-1.1,66,0.4,106,0.6,102,0.6,16784530,3.5,0,0.0,0,0.0,63,2.9
"US000","2","927110","18","0","2019","1","","U.S. TOTAL","State Government","NAICS 927110 Space research and technology","National, NAICS 6-digit -- by ownership sector","All establishment sizes",3,35,34,35,780762,159924,1599,1732,"",1.00,1.00,1.00,1.00,1.00,1.00,1.00,1.00,"",0,0.0,4,12.9,3,9.7,5,16.7,138467,21.6,24753,18.3,248,18.4,121,7.5
"US000","2","927110","18","0","2019","2","","U.S. TOTAL","State Government","NAICS 927110 Space research and technology","National, NAICS 6-digit -- by ownership sector","All establishment sizes",3,38,37,38,811424,36760,367,1657,"",1.00,1.00,1.00,1.00,1.00,1.00,1.00,1.00,"",0,0.0,7,22.6,6,19.4,7,22.6,158295,24.2,-7393,-16.7,-74,-16.8,36,2.2
"US000","3","927110","18","0","2019","1","N","U.S. TOTAL","Local Government","NAICS 927110 Space research and technology","National, NAICS 6-digit -- by ownership sector","All establishment sizes",2,0,0,0,0,0,0,0,"N",1.00,0,0,0,0,0,0,0,"N",0,0.0,0,0,0,0,0,0,0,0,0,0,0,0,0,0
"US000","3","927110","18","0","2019","2","N","U.S. TOTAL","Local Government","NAICS 927110 Space research and technology","National, NAICS 6-digit -- by ownership sector","All establishment sizes",2,0,0,0,0,0,0,0,"N",1.00,0,0,0,0,0,0,0,"N",0,0.0,0,0,0,0,0,0,0,0,0,0,0,0,0,0
